{
    "id": "rj2023_mlTrainConfig_model-train-task-2",
    "name": "rj2023_mlTrainConfig",
    "type": "mlTrainConfig",
    "data": {
        "jsonData": {
            "imputingFactor": {
                "system_businessname_OLV": 0.9815175097276264,
                "system_businessname_SOR": 0.9835068093385215,
                "system_address_OLV": 0.9903210116731517,
                "system_address_SOR": 0.9907684824902724,
                "system_city_OLV": 0.9863813229571985,
                "system_city_SOR": 0.9864396887159532,
                "system_region_SOR": 0.9917315175097277,
                "system_country_OLV": 0.9931906614785992,
                "system_country_SOR": 0.9931906614785992,
                "system_zipcode_OLV": 0.9873540856031129,
                "system_zipcode_RAT": 0.9878404669260701
            },
            "layers": [
                12,
                20,
                20,
                2
            ],
            "max_iterations": 200,
            "learning_rate": 0.01,
            "family_algorithms": {
                "system_businessname": [
                    "OLV",
                    "SOR"
                ],
                "system_address": [
                    "OLV",
                    "SOR"
                ],
                "system_city": [
                    "OLV",
                    "SOR"
                ],
                "system_region": [
                    "SOR"
                ],
                "system_country": [
                    "OLV",
                    "SOR"
                ],
                "system_zipcode": [
                    "OLV",
                    "RAT"
                ]
            },
            "families_considered": [
                "system_address_OLV",
                "system_address_SOR",
                "system_businessname_OLV",
                "system_businessname_SOR",
                "system_city_OLV",
                "system_city_SOR",
                "system_country_OLV",
                "system_country_SOR",
                "system_region_SOR",
                "system_zipcode_OLV",
                "system_zipcode_RAT"
            ],
            "weights": [
                -0.03574955628804749,
                0.25330292528201986,
                0.10867939054510958,
                0.04261002185520343,
                -0.1680566027707343,
                -0.16742963512605352,
                -0.22472229100860908,
                0.19623912217275077,
                0.05514717063247737,
                0.11642165640186435,
                -0.23825825245518673,
                0.2585234680528045,
                0.18431259444352233,
                -0.12518218937725478,
                -0.15499442412541692,
                -0.15172673285911786,
                -0.08769737860694463,
                -0.011388311516066991,
                -0.03765771866793744,
                -0.1131642093334437,
                0.08399227965822512,
                -0.15964352973525583,
                -0.11443628991578336,
                -0.07529390285413504,
                -0.015751921575027847,
                0.15204434757135935,
                -0.15276425474741587,
                0.016871546379758805,
                0.05050753596464207,
                -0.21982723273951005,
                0.05975059480683272,
                -0.14817385684642775,
                -0.2060201658670369,
                0.24827759937509614,
                0.24272023966937675,
                0.1654406915843114,
                -0.08781295427841454,
                -0.22768616160348137,
                0.09063989365293754,
                -0.037281440537751405,
                -0.17687244414418796,
                0.008641326642030135,
                -0.24073550894588558,
                0.20213021517833554,
                -0.11773803706826018,
                0.08758214234401988,
                -0.09539598877558186,
                0.01163879108062094,
                0.024426729511375405,
                -0.15183015042852563,
                0.24129952479424108,
                0.14992491932694071,
                0.2309759173120845,
                0.21063854585646227,
                0.04970740989650596,
                0.21831160216352483,
                -0.20205069733878062,
                -0.16795139973918674,
                -0.23199746068691277,
                -0.09223594781405461,
                -0.04145593503850091,
                -0.10509931077953655,
                0.1628026757398508,
                -0.07856719833252843,
                -0.106488029211376,
                0.026705583915060328,
                -0.18215298008411263,
                0.15493059933885203,
                -0.21543720109159198,
                0.25559282290608915,
                0.14104493781218794,
                -0.1429173127471145,
                -0.24350115061100364,
                0.17029101102434804,
                0.10503757669141403,
                0.12032153851528085,
                0.1447834326213451,
                -0.2298678003364513,
                -0.0728680703123656,
                -0.19863067364984616,
                0.20679084829243558,
                0.08110500730632597,
                -0.09301732694629908,
                -0.22846788867800139,
                -0.09024781384041425,
                -0.08241040733990876,
                0.11664361355059508,
                0.07635070449003066,
                0.19930505308728383,
                -0.004410946836154902,
                -0.18914412671561515,
                0.12393452411308899,
                0.14464004836650887,
                0.04732071217932202,
                0.1417485537309333,
                0.003689304871841088,
                0.02124421865381628,
                -0.05581948794309954,
                -0.243216523685373,
                -0.2046001546557572,
                -0.21576025000830962,
                0.08769767888586218,
                -0.10139382503700069,
                -0.0023957944869249562,
                0.21280429947280563,
                -0.12097484506925589,
                -0.0455174261193627,
                0.13624508335102342,
                -0.13518187328153658,
                -0.20520061559314437,
                -0.10271832859966328,
                -0.15654036100169413,
                0.23040522133648916,
                0.1726578719307288,
                0.07183064726726457,
                0.19551412261736995,
                0.1639345924620993,
                -0.17817704664884004,
                0.19729575101578256,
                0.014592745843057496,
                0.17258975276120445,
                0.2135298016599697,
                -0.09715782906210986,
                -0.20406812652638762,
                -0.13324689157136171,
                -0.0317462415360158,
                0.16176561376737142,
                0.18556996717083757,
                -0.24940336990550893,
                0.01399614617166879,
                -0.03902431492622058,
                -0.1300958983191232,
                -0.18465328453907795,
                -0.07149238664183931,
                0.22575338192796385,
                -0.08535141421708081,
                0.0169885676116663,
                0.08900200424624385,
                -0.07043320855980881,
                0.23593327499862718,
                0.24773994378697703,
                -0.11750558618344135,
                -0.00464232074634088,
                -0.10665131706625817,
                -0.10486782396809557,
                -0.23065871326123394,
                0.055992336446229675,
                0.0010959758092186972,
                -0.22780702420556256,
                -0.10463812252278053,
                0.20965277480010655,
                -0.12393203242782591,
                -0.1741574445435102,
                0.0025521409278792062,
                0.24535224697212243,
                -0.12800764618098984,
                0.09352473220224157,
                0.1214792810603494,
                -0.13385501721667104,
                0.11311756128831897,
                -0.054345616154599846,
                0.07579791581627228,
                0.06458765256889633,
                0.012674526416097223,
                -0.2036983374372181,
                0.1749312369603717,
                -0.09070821009344184,
                -0.15951152606605648,
                -0.2332443889125458,
                0.0539810753809591,
                0.0924578881367197,
                -0.23720141802713102,
                0.012376866311129704,
                -0.13102831191359857,
                0.07239178925377698,
                -0.16239314170831706,
                0.10307612383727044,
                -0.06895951030610536,
                0.22127943687940999,
                -0.18695189530374398,
                -0.06279551770619766,
                -0.18240528508286094,
                0.21040623419773397,
                0.1855227029811976,
                -0.1177732417789406,
                0.08683159631602985,
                0.16130289316804702,
                0.031511232137337045,
                0.01658175366203268,
                -0.12231547624524201,
                -0.20345513567244908,
                0.21402012873536208,
                0.2128295359421587,
                0.0799964385838051,
                -0.08008672457493135,
                -0.07151398097638072,
                0.12281582176098292,
                0.18630971765539348,
                0.19521407352763412,
                0.13799680532726125,
                0.08957371699158093,
                -0.19785468913432322,
                -0.17701405201831713,
                0.1963682938201005,
                0.059170620642653604,
                -0.2438606259644022,
                -0.20227569295732223,
                0.08614710031619945,
                -0.25005671447206,
                -0.16359040115315884,
                0.0278964783906233,
                0.10932192906590177,
                0.08628297926611002,
                -0.12815740534090664,
                0.10916419842009449,
                -0.12860083287575846,
                -0.0808664244575873,
                0.11024601004044998,
                0.07467710492068237,
                0.1733763072260003,
                0.09080529742770434,
                0.041126528536485706,
                -0.20881601077055767,
                -0.07244819679715997,
                -0.1151581685132601,
                -0.12582271401095574,
                0.24070356835913057,
                -0.056093894065262016,
                0.19859089495677637,
                0.07404866720609471,
                0.15160644989928737,
                0.00812994231393029,
                0.044019826824359384,
                0.002311812839759706,
                -0.15746311133726135,
                0.115219605779968,
                -0.10605073045114494,
                -0.2514291272601118,
                0.0736730550142528,
                -0.16626872882488572,
                0.22875566623390006,
                0.197431201383757,
                0.18962594398112448,
                -0.057151226638197716,
                -0.20769369720532677,
                0.2253805763660486,
                -0.010365376250178318,
                0.24039874840744804,
                0.22310012096796666,
                0.16618882716022093,
                -0.10603412228177761,
                -0.026583702277250466,
                0.15358422641662395,
                -0.08512998170186116,
                -0.163374631923367,
                0.03585167882686779,
                0.1904115687187028,
                0.11025595971676777,
                0.04879820681466461,
                -0.1640153349888795,
                0.07962847857242385,
                0.2144724273675287,
                -0.1571590939773939,
                0.009216508332879713,
                0.17692366787156755,
                0.13769513796830773,
                0.1074869316214108,
                0.11868387361873944,
                -0.04869615681695308,
                -0.08478020165202889,
                0.12605456544082153,
                0.1607758457371781,
                0.16131294517436454,
                0.1821565651393587,
                -0.008501230877724749,
                0.010109303219631199,
                0.12948839200498066,
                0.08715888934211526,
                0.10596605141530743,
                0.14667138695287557,
                0.19538200798204622,
                -0.07777687643982,
                -0.05414886020482254,
                -0.18244947991127475,
                0.03962660577987275,
                -0.18528260244088654,
                -0.0017056585389813809,
                0.03992183075959863,
                -0.08612605697535551,
                0.04537444548306101,
                -0.2206705654373018,
                -0.19110817720398754,
                0.14076264561639815,
                -0.06624738766219498,
                -0.17857117478820445,
                0.015693599557339507,
                0.1163389458188456,
                -0.11265119443165833,
                0.06560455337196942,
                -0.17547522139604288,
                -0.1732837585703877,
                0.008093909438913822,
                0.020778894603452183,
                0.0611736978472821,
                0.10786260188269144,
                0.24169571226046266,
                0.025397983203056314,
                -0.05208525020545156,
                0.14473648660023347,
                -0.09581199853848493,
                -0.040330059688818844,
                -0.16771117289169357,
                -0.21603750947743675,
                0.20301697429856425,
                0.13587641574966772,
                0.0957735992578265,
                -0.04563695388918882,
                -0.1271251758060399,
                -0.1392998288641929,
                -0.09840166833358802,
                0.034525449784509665,
                0.09136510472722645,
                0.07157222829343272,
                -0.10015592582380116,
                0.20510742577711238,
                0.11964011522756063,
                0.03195875025228054,
                0.062375958536647194,
                -0.03127025080186811,
                -0.11072872161149198,
                -0.0720387870245715,
                0.12428529126068884,
                -0.2204011669875046,
                -0.17528738574764174,
                -0.21140084218354221,
                -0.20293765889216597,
                0.155184917669099,
                0.09934746012756099,
                -0.0059523772180888725,
                -0.17442244497709755,
                0.014747932105343461,
                -0.017274297703989732,
                -0.14528206285487805,
                -0.03094786037791789,
                -0.041838133157590184,
                0.07143112336784169,
                0.07225055300732335,
                -0.18496066055213212,
                -0.04827221586411072,
                0.06007089741773568,
                -0.00867383792452573,
                0.17313558334258425,
                0.06728362892243987,
                -0.15471002668420344,
                -0.20312087701020756,
                0.06827672860157542,
                -0.2161993898580614,
                0.05093540012640942,
                0.20587413790593329,
                0.04230562715649918,
                -0.03020525884351728,
                0.05692520571369542,
                -0.018721321875380528,
                0.017748406437666998,
                0.20020185327915127,
                -0.02997462071104212,
                0.21838510803930528,
                0.2009391050498478,
                -0.1285542467199995,
                -0.18916185064403054,
                -0.19047582596941245,
                -0.20122957396064173,
                -0.18634978989789314,
                0.07630021858175691,
                -0.20487439272432784,
                -0.07697126303018542,
                0.14834991723437743,
                -0.20008327994285008,
                0.14956253611923725,
                -0.08892903895309398,
                -0.12501396102631804,
                0.08343551905668765,
                0.06586425807095508,
                0.17306762900186562,
                0.12067734644436476,
                0.18449029378546508,
                -0.0649524004775546,
                -0.09852944645984488,
                0.1369182651495595,
                0.15104965478038068,
                0.20207515206066856,
                -0.0022615936307173847,
                -0.05939826642047222,
                0.12226022291639246,
                -0.09034933481577757,
                0.21003068236255992,
                0.15639519698790097,
                0.0015848757959506083,
                0.13923688472506568,
                0.13827018833270988,
                -0.16135820255325337,
                0.17561983579377466,
                0.0032989733490058045,
                0.1450541731776836,
                -0.07716913818453144,
                0.19399228733772028,
                -0.039135820417539074,
                -0.20273796037650674,
                0.1882754827494984,
                -0.17930313484129315,
                -0.08931638142936484,
                0.21333785515010376,
                0.19856018385937454,
                0.029667690327847416,
                0.0495917384620941,
                -0.01886519592687371,
                -0.09611320696466676,
                -0.06559540360953538,
                0.08518494577517116,
                0.12041201086395563,
                0.1468220197634399,
                0.12343722625165396,
                -0.18291360354313135,
                -0.004804041200907844,
                -0.19567623613285295,
                0.03954620972220945,
                -0.016098724846492458,
                0.1896772480469977,
                -0.060539458265266875,
                -0.1685499859318195,
                -0.16971352974513376,
                0.12870981454277314,
                0.048579773767614624,
                -0.18313306895266496,
                -0.19702013475508942,
                0.09307531995721964,
                -0.19604618602818988,
                0.15479116296877435,
                0.099534038580748,
                -0.18009358158144614,
                -0.1599558679973294,
                0.2096430991238699,
                -0.05537493278852782,
                -0.060162692797639854,
                0.14446415963953374,
                0.2272562039709935,
                0.23359842194826624,
                0.13885627199895664,
                -0.04479687533193704,
                -0.1811916812074018,
                0.10955329542417018,
                0.044993314381732985,
                -0.03934702076411618,
                0.175771987731,
                -0.18968705548181555,
                0.002760895295762485,
                -0.22509267188975596,
                0.0033316875011219606,
                -0.1861744071222841,
                -0.15876831919341275,
                -0.1426996307923133,
                0.06252018078104395,
                0.1141946452855617,
                0.03874117265252799,
                0.21527752044121024,
                -0.025761398534739226,
                -0.07616298764840075,
                0.19313455048041703,
                -0.10907731629709787,
                0.21497709619976987,
                -0.23009433596267034,
                0.23250412875096071,
                -0.206768895615976,
                0.17274381556808643,
                -0.0007901573311122093,
                0.23028762123235005,
                -0.19412679617658973,
                0.044412688652496125,
                0.22587554404295962,
                0.024982654003438888,
                0.0950737847661819,
                0.08296890830723894,
                -0.014235800026046973,
                0.059773080860319724,
                0.04971742103931314,
                0.21906420800526083,
                -0.1771294222737261,
                -0.060776158936833205,
                0.22110082391187666,
                0.18530493073464713,
                -0.03465034441118753,
                0.08339637739027608,
                -0.1020270152838399,
                -0.141413279109127,
                -0.032633961644893454,
                -0.05202774547513352,
                0.033543765424832284,
                -0.16192395866863932,
                0.23368994560915599,
                0.23700896020065504,
                0.12754680094464863,
                0.01135750144593621,
                -0.07879286104864235,
                0.1431854885635978,
                0.0951688160757133,
                -0.10938105859317128,
                0.2111404791838731,
                0.1831336155693516,
                0.22173693368119524,
                0.11220042851048713,
                0.03520458975775341,
                -0.005520957493815156,
                0.19092437599740966,
                0.16167169979459553,
                -0.22054878205100023,
                -0.19763644770092945,
                -0.05928699593726332,
                0.16704139106773738,
                0.24042983205603483,
                -0.135851774485832,
                0.08874038212274321,
                -0.05903564269245968,
                0.2177169974021826,
                0.15635821659641705,
                0.166295989236438,
                0.03568940918254541,
                -0.005359193297275898,
                -0.05474011952917772,
                -0.17377721361842896,
                0.17666009696993337,
                0.12134084796828218,
                0.26063030139135124,
                0.21901812070918283,
                0.0223317825262908,
                0.09971500238023609,
                0.2158671501305285,
                0.1514819727664168,
                -0.07928550775884569,
                0.004843183854580289,
                -0.14135346765740708,
                0.23421916100564402,
                0.04225567364557899,
                -0.11722658362880285,
                0.0778443200157455,
                0.061793931507932255,
                -0.030254997308863944,
                -0.1514474794007775,
                0.10782076628384166,
                0.024671657044931603,
                0.13012632072884317,
                -0.004598450743549449,
                0.18188438018389802,
                0.02006250955179875,
                0.024287160276563552,
                0.15340639138406656,
                -0.03278088350205011,
                -0.16803724696213262,
                -0.18856007838711836,
                0.13138394693785252,
                0.06965700623984437,
                0.1206177923039479,
                -0.13412803000682708,
                -0.1593005453045523,
                -0.21681140143245925,
                -0.05898663485636592,
                0.07143663958555634,
                -0.02835994740662845,
                0.001314115527276028,
                0.19490734653965577,
                -0.060435195437257394,
                -0.007292005710397655,
                0.14954136962516026,
                -0.04990250548324584,
                0.051008511310225484,
                0.14711082796716837,
                0.21025209143590162,
                -0.16262506260669893,
                0.21146096040267867,
                0.012295067478816065,
                -0.09347822802377526,
                -0.0011372891915773287,
                0.2085483557430589,
                -0.003366901081306172,
                -0.07886272332219545,
                0.06205891254576509,
                -0.09810690728181272,
                -0.17920597100062105,
                -0.14897813879929817,
                -0.15985159501903923,
                -0.1525924607214587,
                -0.17176682976254312,
                0.0752991879182313,
                -0.14646655141848605,
                -0.07374438660891292,
                0.16618695217553683,
                -0.008161655688273097,
                0.06988872100273896,
                -0.13522109474540853,
                -0.12985301553598363,
                -0.19789236004465416,
                -0.11662756091890004,
                -0.10459009069829761,
                -0.1405147611628642,
                -0.18313666668503092,
                -0.1608564565226896,
                0.01588778817686302,
                -0.10990725802677472,
                -0.02936744010951636,
                0.017048536427940804,
                0.09343678924558606,
                -0.22000321828529903,
                0.15838113041178586,
                0.05380219225132385,
                -0.19031620010215472,
                0.15163128131572337,
                0.19849014902301074,
                -0.20094359079565935,
                -0.07750775001235517,
                0.15419437944083877,
                0.12688250841378368,
                -0.1181529325196728,
                -0.13580310499029827,
                -0.05629405231522232,
                -0.007866420062729473,
                0.057963733224203035,
                -0.03429384980923802,
                -0.0017931450469164637,
                0.13349004513312057,
                -0.19698638073762578,
                -0.10550819488050092,
                0.08371070905892172,
                0.1940140200288087,
                0.0013900184654402035,
                0.010301097692989914,
                -0.18855978362131767,
                -0.01721689977121673,
                0.009768156571613916,
                -0.09936914795436445,
                -0.09154484133279762,
                -0.04397706265806163,
                -0.15566365366377313,
                -0.0907919051464601,
                -0.12219745536451222,
                -0.07631220000294472,
                -0.15412338664481645,
                0.23735303805121416,
                0.08176917264810943,
                0.1388736165503985,
                0.1579619284925262,
                0.014474811687405735,
                -0.21162738221540742,
                0.06227385088190905,
                0.03186520161842282,
                0.10288629577147718,
                -0.06023774712902848,
                -0.1478077602210577,
                -0.10604535354116923,
                -0.01963543965359419,
                0.09722746110921066,
                0.06112549209326687,
                -0.2668074149835037,
                0.5318048114774218,
                -0.17115600270071316,
                0.16140182722027666,
                -0.41067223343761594,
                0.019908942692153538,
                -0.3558003637469142,
                0.06781275104449652,
                -0.4149283013561128,
                0.17492752528126093,
                -0.4564949798383906,
                0.5860450792055646,
                -0.4423404727740086,
                0.2691183280232845,
                -0.2801261018525622,
                0.5929405985805793,
                -0.46260378535040686,
                0.24376210839765175,
                0.05857438946449636,
                0.518875251024023,
                0.024111552563425478,
                0.08022738489838972,
                -0.45844437821964223,
                0.4499686825852223,
                0.041623204460859715,
                0.32738980641125986,
                -0.18868812560832116,
                0.18076661700491084,
                -0.006604328079173329,
                0.04126664084206745,
                -0.3324635583820219,
                0.25866176698719884,
                -0.17579693849511968,
                0.08863716514916681,
                -0.39771155153976184,
                0.28705075358731813,
                -0.3919273065785663,
                0.4031069523348585,
                -0.3778837309355114,
                0.21361701743452433,
                -0.37982751147596927,
                0.2707193888175381
            ],
            "train_report": {
                "0": {
                    "precision": 0.0,
                    "recall": 0.0,
                    "f1-score": 0.0,
                    "support": 62
                },
                "1": {
                    "precision": 0.9698443579766537,
                    "recall": 1.0,
                    "f1-score": 0.9846913580246913,
                    "support": 1994
                },
                "accuracy": 0.9698443579766537,
                "macro avg": {
                    "precision": 0.48492217898832685,
                    "recall": 0.5,
                    "f1-score": 0.49234567901234566,
                    "support": 2056
                },
                "weighted avg": {
                    "precision": 0.9405980786991476,
                    "recall": 0.9698443579766537,
                    "f1-score": 0.954997357928616,
                    "support": 2056
                }
            },
            "test_report": {
                "0": {
                    "precision": 0.0,
                    "recall": 0.0,
                    "f1-score": 0.0,
                    "support": 62
                },
                "1": {
                    "precision": 0.9698443579766537,
                    "recall": 1.0,
                    "f1-score": 0.9846913580246913,
                    "support": 1994
                },
                "accuracy": 0.9698443579766537,
                "macro avg": {
                    "precision": 0.48492217898832685,
                    "recall": 0.5,
                    "f1-score": 0.49234567901234566,
                    "support": 2056
                },
                "weighted avg": {
                    "precision": 0.9405980786991476,
                    "recall": 0.9698443579766537,
                    "f1-score": 0.954997357928616,
                    "support": 2056
                }
            },
            "feedback": "False"
        }
    }
}