{
    "id": "rj2023_mlTrainConfig_model-train-task-1",
    "name": "rj2023_mlTrainConfig",
    "type": "mlTrainConfig",
    "data": {
        "jsonData": {
            "imputingFactor": {
                "system_businessname_OLV": 0.9815175097276264,
                "system_businessname_SOR": 0.9835068093385215,
                "system_address_OLV": 0.9903210116731517,
                "system_address_SOR": 0.9907684824902724,
                "system_city_OLV": 0.9863813229571985,
                "system_city_SOR": 0.9864396887159532,
                "system_region_SOR": 0.9917315175097277,
                "system_country_OLV": 0.9931906614785992,
                "system_country_SOR": 0.9931906614785992,
                "system_zipcode_OLV": 0.9873540856031129,
                "system_zipcode_RAT": 0.9878404669260701
            },
            "layers": [
                12,
                20,
                20,
                1
            ],
            "max_iterations": 200,
            "learning_rate": 0.01,
            "family_algorithms": {
                "system_businessname": [
                    "OLV",
                    "SOR"
                ],
                "system_address": [
                    "OLV",
                    "SOR"
                ],
                "system_city": [
                    "OLV",
                    "SOR"
                ],
                "system_region": [
                    "SOR"
                ],
                "system_country": [
                    "OLV",
                    "SOR"
                ],
                "system_zipcode": [
                    "OLV",
                    "RAT"
                ]
            },
            "families_considered": [
                "system_address_OLV",
                "system_address_SOR",
                "system_businessname_OLV",
                "system_businessname_SOR",
                "system_city_OLV",
                "system_city_SOR",
                "system_country_OLV",
                "system_country_SOR",
                "system_region_SOR",
                "system_zipcode_OLV",
                "system_zipcode_RAT"
            ],
            "weights": [
                -0.062421880203887996,
                0.23709751905976337,
                0.11124352978522763,
                0.04739722431350314,
                -0.1782061001873834,
                -0.16713138589984242,
                -0.2274908802332158,
                0.19409452017877185,
                0.060678421382136555,
                0.11077889400269189,
                -0.24455979977450668,
                0.2583318832763478,
                0.177423174617695,
                -0.15011347838833938,
                -0.1579532709613423,
                -0.15354813686750188,
                -0.094735804607019,
                0.015138047220728406,
                -0.02345925192137064,
                -0.10946309730957603,
                0.057995903036711635,
                -0.17527773883951667,
                -0.11202657361548557,
                -0.07057422312230474,
                -0.02570117772983689,
                0.15238214374201584,
                -0.15548978353302356,
                0.015041411666442269,
                0.05606177060869171,
                -0.22536321743984708,
                0.053608820156925543,
                -0.14813124805139258,
                -0.21261034499836445,
                0.22400143925262778,
                0.24003526325348407,
                0.16377695863938269,
                -0.09464032558959257,
                -0.20176310281225737,
                0.10457876325936746,
                -0.03371318190198063,
                -0.19285128732427917,
                0.0012065001944462097,
                -0.24039935645474658,
                0.2058007272365131,
                -0.12474558309294467,
                0.0884181123623417,
                -0.09744537226087123,
                0.014040655691423052,
                0.030051731723506843,
                -0.15573627522297154,
                0.23747785583258418,
                0.15312510258826237,
                0.22854746611432708,
                0.19591143107670247,
                0.05063271284922407,
                0.21882009556476859,
                -0.20584806684585982,
                -0.15104787495205918,
                -0.22202589010569979,
                -0.09055518219425772,
                -0.0574065490827952,
                -0.11250860939045296,
                0.16313271005693145,
                -0.07489985096823107,
                -0.11348821240928825,
                0.027543733570336022,
                -0.18420143712800388,
                0.15734966856038496,
                -0.209809975847567,
                0.25169196577830244,
                0.1372295155911147,
                -0.1397051360708691,
                -0.24591640789146843,
                0.15559023132118724,
                0.10597547555627848,
                0.1208380202019316,
                0.14099655431206995,
                -0.21298830622584633,
                -0.06290507150893994,
                -0.19695647447625564,
                0.18471340174969017,
                0.06859911284055069,
                -0.09125747319574619,
                -0.2241560503156488,
                -0.09882399517487392,
                -0.08196611754079874,
                0.11424890548760373,
                0.075981453397875,
                0.20472663421615922,
                -0.009355887807354402,
                -0.1942973418457761,
                0.12494979765570689,
                0.13949259266948413,
                0.026817065791591623,
                0.14014808194264916,
                0.002780274402804789,
                0.015539813239167612,
                -0.03382139009044644,
                -0.23097752881366315,
                -0.20178979556204152,
                -0.2377825988577604,
                0.07524059885345438,
                -0.09964831785999204,
                0.001910734257243414,
                0.2042427881954606,
                -0.12052646793116947,
                -0.04790996117380991,
                0.13590312844436953,
                -0.1297583487468394,
                -0.21013666721179441,
                -0.10785847380061976,
                -0.1555031053272285,
                0.22528467534176458,
                0.15220911905991155,
                0.07025367837685745,
                0.19462013453297194,
                0.15824897421476117,
                -0.1562298638650863,
                0.2095162739350648,
                0.01739213301432313,
                0.15553177477221866,
                0.20529584706093898,
                -0.0966093410148877,
                -0.20028715351358534,
                -0.1405292437638965,
                -0.030964159765174845,
                0.15964979195651877,
                0.18754555264611492,
                -0.24377713985127386,
                0.009904959012971467,
                -0.04302561955347528,
                -0.1271917402368872,
                -0.18749966179560904,
                -0.0871036114469219,
                0.22623681124223724,
                -0.08504518730133363,
                0.01289484882682304,
                0.10647597984899432,
                -0.06005008148585833,
                0.23773116939503627,
                0.23368153179825152,
                -0.12326361545625077,
                -0.0047588166943946355,
                -0.1031851043623922,
                -0.11127100251000656,
                -0.22970984317519724,
                0.054077331915007215,
                0.004411892933450389,
                -0.22212626006060698,
                -0.10821189158297177,
                0.20631613874141205,
                -0.12004609542096391,
                -0.17570465408212388,
                -0.010163924814605697,
                0.24706696486940188,
                -0.12703125772646362,
                0.09036314188712419,
                0.13646707132251737,
                -0.12463960508492485,
                0.11440161356813025,
                -0.06840505307875916,
                0.07004054239609209,
                0.06447139150877552,
                0.0161411439764058,
                -0.2101018512976901,
                0.17588148315823504,
                -0.09262371235977078,
                -0.15619615386134905,
                -0.22756364321583286,
                0.05040784449424565,
                0.08912085445163065,
                -0.2333158653279694,
                0.010830289658195224,
                -0.143744830876487,
                0.07410592031962418,
                -0.16141686991912502,
                0.09991456592873273,
                -0.05397236617699089,
                0.23049605393431077,
                -0.18566886111900074,
                -0.0811552459583724,
                -0.19179439740019524,
                0.2112925227212596,
                0.18943478448462464,
                -0.12542710520465047,
                0.08751666755303558,
                0.15912177512211167,
                0.032806370131163345,
                0.022107758214733514,
                -0.12662377139707498,
                -0.20776605178814703,
                0.21639332568561834,
                0.209359301510271,
                0.06308684228258206,
                -0.08020190856110263,
                -0.07154798718339703,
                0.11829356133821961,
                0.20497433827422246,
                0.20606967167797718,
                0.14007597143830286,
                0.07165224058786442,
                -0.2068707931782734,
                -0.17623135792199754,
                0.20023448082902842,
                0.05165809412749432,
                -0.24315081519745652,
                -0.20442938756124235,
                0.08764920472702147,
                -0.24451595731840323,
                -0.16782381173929914,
                0.023691254144374355,
                0.1118491582958166,
                0.08301341261808812,
                -0.14462440118212458,
                0.10923532977146541,
                -0.12853134118191692,
                -0.08524830051990324,
                0.128494037895191,
                0.08536085287086638,
                0.17536637833041716,
                0.07850818966435394,
                0.03687292041407713,
                -0.2093624803756362,
                -0.06915664199254731,
                -0.12103868460423661,
                -0.12475757963443243,
                0.2388843415537268,
                -0.05190855741043169,
                0.20438194661461773,
                0.0707598368401536,
                0.14867295062354818,
                0.012702378378212009,
                0.043280692010433414,
                -0.008717649988278085,
                -0.15494222866432594,
                0.11662414480100092,
                -0.10866793970615074,
                -0.23794808438187268,
                0.08225572583831904,
                -0.1653359298962006,
                0.194499755892218,
                0.22745501452353545,
                0.19339805144763067,
                -0.06500087274845431,
                -0.22869174807653808,
                0.18268598103863645,
                -0.03891710581885954,
                0.19898955196747356,
                0.19875346873954214,
                0.15321173981627909,
                -0.10191991343746122,
                -0.031255423052867146,
                0.14383136874071104,
                -0.07617812172042332,
                -0.14793668505360522,
                0.04979108781404559,
                0.1825743376213928,
                0.08671330044943097,
                0.05384342064359204,
                -0.16177683668515708,
                0.04939126521628176,
                0.24131651618048108,
                -0.15371297064421172,
                0.002197584821692453,
                0.15824524913359492,
                0.09998688352931827,
                0.08220981214685938,
                0.08208723078740966,
                -0.07029191118072008,
                -0.09624797908912341,
                0.12956186591102342,
                0.15697232680370332,
                0.15255382612460922,
                0.1901631770727367,
                0.005144693963136858,
                0.02276973128364143,
                0.12240318881981303,
                0.06637662985651549,
                0.11074450364629723,
                0.1489437931160338,
                0.17235241092415518,
                -0.05474484042827559,
                -0.050099854552499455,
                -0.18696546212591866,
                0.025862307115302616,
                -0.2143917856186541,
                -0.02065324837851501,
                0.011623252975920234,
                -0.10209054583112194,
                0.036883534824455534,
                -0.21754958788218015,
                -0.19240292422643537,
                0.13425263911533694,
                -0.05866770549403712,
                -0.16712509892504587,
                0.027575140207659818,
                0.11131050263382648,
                -0.12801156203130976,
                0.07120974521421088,
                -0.17217652247234014,
                -0.20281759411686204,
                0.03676255934895588,
                0.02547600515555182,
                0.05497926079441013,
                0.08991210811226558,
                0.20452641271920752,
                0.0009364651620498635,
                -0.0882343568426741,
                0.12399415446570357,
                -0.10684806956774988,
                -0.0366178050960706,
                -0.16980548127196557,
                -0.22458219966719967,
                0.21217898579614458,
                0.15011066546209628,
                0.11032453366721662,
                -0.05235530076729832,
                -0.1470116246356656,
                -0.13271163429190513,
                -0.09461346535492753,
                0.02025358174086172,
                0.10691742166715618,
                0.07478367574178238,
                -0.10241748563103277,
                0.19693747822885094,
                0.10134165289353268,
                0.02042615134001071,
                0.04459196643991757,
                -0.04080961398203295,
                -0.11579117080074695,
                -0.06973004075706243,
                0.12414260887323599,
                -0.22419396564444208,
                -0.1698004200903861,
                -0.20369438708737245,
                -0.19455283493996808,
                0.15241174313999395,
                0.09008559317150508,
                -0.001580734364511197,
                -0.17172449649339153,
                -0.00579192013887195,
                0.004297043033442918,
                -0.14118643465549163,
                -0.034721520972111744,
                -0.0540063776156127,
                0.0452829561693839,
                0.05540163106605324,
                -0.21039157082304377,
                -0.06237325287364068,
                0.05265415844536227,
                -0.005724732973508668,
                0.17259908571406515,
                0.061555707085814974,
                -0.14738709840132241,
                -0.19250628620237173,
                0.07973661483381023,
                -0.22059165168263548,
                0.03737481978909933,
                0.21165483711543895,
                0.04582575273175581,
                -0.05270364229478559,
                0.08172877380143534,
                -0.0135170149115432,
                0.014147864030277147,
                0.18722125695784025,
                -0.05883509512455305,
                0.2001776728271596,
                0.17284568482358872,
                -0.14364618231019338,
                -0.19718193708355694,
                -0.18692645986075684,
                -0.2011693671735841,
                -0.19245094440841973,
                0.0850535092270844,
                -0.1927022169628456,
                -0.06343549405733477,
                0.1438786032292791,
                -0.2146654662617816,
                0.1567368602610846,
                -0.08441837703394038,
                -0.17293014014671765,
                0.12310897318666607,
                0.06976922708041797,
                0.1607626736269036,
                0.09026229372671879,
                0.12529754509993699,
                -0.10545731242621124,
                -0.15599561717478638,
                0.10191162036957149,
                0.13242496300572545,
                0.20680672390070554,
                -0.009782869358076441,
                -0.07380775110465146,
                0.1331849605432873,
                -0.07009456462215899,
                0.22780591912265047,
                0.14443056504996182,
                -0.03191884337348713,
                0.14477458648091662,
                0.1404062347219662,
                -0.17911869741331443,
                0.19434297397529823,
                0.006843807250016837,
                0.14168948153626784,
                -0.08780046426102459,
                0.17139922879350672,
                -0.05376077123708195,
                -0.2247168692464467,
                0.17599028588971857,
                -0.1857531435581008,
                -0.08688281383966402,
                0.21298658608087281,
                0.1934874832129381,
                0.03597949099917815,
                0.05871627423858809,
                -0.008853200814089177,
                -0.10004212441007095,
                -0.0773432838417787,
                0.09027512502355359,
                0.1235701898805049,
                0.1281202519734153,
                0.14423653376842185,
                -0.17854085438666595,
                -0.007749435482167517,
                -0.20642121977342065,
                0.015515276045823099,
                -0.03124907213294796,
                0.1663100622515401,
                -0.07305580694533598,
                -0.17512663737163311,
                -0.1666887256630334,
                0.12883050156965845,
                0.04358076816892572,
                -0.17574622539542525,
                -0.18679683539406486,
                0.10444154277622766,
                -0.1997366767365503,
                0.14268047042679716,
                0.10561837458697111,
                -0.1762883512779956,
                -0.1887268427018648,
                0.239866977919821,
                -0.049542009782794404,
                -0.06527305908322718,
                0.12759218927818156,
                0.1906098445882794,
                0.21011805578022988,
                0.10321184731790141,
                -0.06440146434895595,
                -0.1916038082779427,
                0.11380027061229778,
                0.04419299692445487,
                -0.047283529555993416,
                0.1860992586797009,
                -0.17474502500145397,
                0.018796062682880595,
                -0.23107945223511323,
                -0.015585622308963999,
                -0.17810640613617645,
                -0.153872915078646,
                -0.1728135621920067,
                0.08954383797618755,
                0.11768275110544284,
                0.03156557268490224,
                0.19642715396823018,
                -0.06332037180414751,
                -0.10147423285588736,
                0.1566519898269861,
                -0.13076815771039974,
                0.20355300967891776,
                -0.2267812341453008,
                0.22904283688079016,
                -0.21567658435723985,
                0.18076870461723255,
                0.012771061787174886,
                0.24322837614458825,
                -0.20142637967506627,
                0.023663870503990225,
                0.23094260479867929,
                0.0275282789962054,
                0.05576304616287337,
                0.11623486756972463,
                -0.010635551761644735,
                0.05001485461895966,
                0.024997989592531137,
                0.17033668636654203,
                -0.2102265895281678,
                -0.10807192109335621,
                0.19260762183738434,
                0.1701593518615887,
                -0.0305147091812689,
                0.07756353118408739,
                -0.11366518968198489,
                -0.1319902879297563,
                -0.0156447591737837,
                -0.03689338309095073,
                0.023967134762213644,
                -0.18926146459056714,
                0.2387156241549555,
                0.23909789822220462,
                0.08630755292636016,
                0.04533628332450154,
                -0.07541317922063379,
                0.13294337171654408,
                0.06939164123957882,
                -0.16038643852926943,
                0.17648256067790496,
                0.13367814269453376,
                0.19191539760771859,
                0.09626620294143846,
                0.0396267883615998,
                -0.012350843252351584,
                0.17887190450352866,
                0.17115704518788366,
                -0.20293936602360932,
                -0.18263532553628642,
                -0.06918180723974923,
                0.13830387843415307,
                0.2449188929370526,
                -0.13432223273282035,
                0.039488466795830575,
                -0.017039468596378747,
                0.22242226688569094,
                0.14418931573307603,
                0.1353398189787413,
                -0.025365325614140708,
                -0.04680144398899536,
                -0.11403197926780949,
                -0.20945388160016964,
                0.15765774498564436,
                0.12650355596667429,
                0.25359625057697177,
                0.20436899695392288,
                0.03429655128652764,
                0.1210843936018721,
                0.23515475594473734,
                0.13945983430777925,
                -0.11347646071094875,
                0.01142903030708253,
                -0.138479339448121,
                0.20086743742526408,
                0.07248195783158175,
                -0.11311365571626351,
                0.07017465444581633,
                0.041155619033109415,
                -0.07191339811808949,
                -0.1793265843333961,
                0.0673592303501614,
                0.0008489404030413457,
                0.1174932764410535,
                -0.0007477763524845224,
                0.17816025889881645,
                0.010318039450741338,
                0.03341525092113761,
                0.16863023460342544,
                -0.01822739583209472,
                -0.17590814557022066,
                -0.21140972810380865,
                0.13716610015376515,
                0.07261753966900383,
                0.0888713996465854,
                -0.10476345988252271,
                -0.15502819248482147,
                -0.22379797713795851,
                -0.07840590293949712,
                0.031652656286921016,
                -0.05475674519964853,
                -0.03733139006264379,
                0.1724551184196297,
                -0.07236226495705395,
                -0.003395573733350964,
                0.14627922469210403,
                -0.05901314388791127,
                0.06009432149081842,
                0.16192202154337554,
                0.2245697519450535,
                -0.1698797415128064,
                0.18985335054769126,
                0.018204456042605906,
                -0.09038451481775042,
                -0.020402804929942744,
                0.23115668542597623,
                0.0017332910901719542,
                -0.08189087884301388,
                0.0507859567847583,
                -0.12294574085998262,
                -0.19485102416307368,
                -0.17323248244845146,
                -0.1728402205923066,
                -0.15943913116202307,
                -0.16885354732457267,
                0.07644107081667219,
                -0.15195234913920827,
                -0.06563812449063658,
                0.1769327009786035,
                0.004754316266703852,
                0.06583999351619606,
                -0.14757964822681663,
                -0.12252392096260475,
                -0.19300618827560959,
                -0.1502540096565678,
                -0.07297576558051942,
                -0.13581577265120945,
                -0.19071324435368614,
                -0.18167939565585178,
                -0.02624555174594339,
                -0.13800481714643667,
                -0.07033520860516473,
                -0.0069252552396632866,
                0.08078534946496144,
                -0.21609279727459257,
                0.15544340620334723,
                0.04390082919431871,
                -0.1805442098040822,
                0.16733558492260864,
                0.21421315566854363,
                -0.20891853698507984,
                -0.1004172464563448,
                0.16096370014323994,
                0.13063749860413668,
                -0.1433303586064202,
                -0.11053712914432982,
                -0.051830560525443464,
                -0.012817979109449082,
                0.04286854930388625,
                -0.06613091646140086,
                -0.022518080718624576,
                0.10251802084976923,
                -0.21445484697303902,
                -0.1147937604103844,
                0.08710222228619016,
                0.19267779426314205,
                -0.00575182399782772,
                0.018619476007955858,
                -0.1760375972272012,
                -0.004133656865833719,
                0.004250793478575412,
                -0.11616408535638736,
                -0.08533521063506229,
                -0.04030463191300276,
                -0.21921402437177745,
                -0.03171257348028476,
                -0.11349679867093197,
                -0.09035043983662042,
                -0.19307511640512842,
                0.1577486407491802,
                0.028889719457083535,
                0.06152978417191668,
                0.11294126937888861,
                -0.009449432018065194,
                -0.20394910044360745,
                0.05605499251063641,
                0.01346280195685546,
                0.12117468054356258,
                -0.030572993664248184,
                -0.11881132622834417,
                -0.12071986050712148,
                -0.06286810962683846,
                0.109356294146456,
                0.06762982886281903,
                0.13466939279844595,
                0.6264143830094481,
                0.29292819046685065,
                0.10327179513139643,
                0.048524992584002266,
                0.11540114532995148,
                0.08576083751041429,
                0.07463559552952465,
                0.09867747457917099,
                0.15391870631369992,
                0.019997564504400652,
                0.5890132751121298,
                0.024213924916544866,
                0.32644384102296675,
                0.17681156377192506,
                0.6034230821059324,
                -0.0029668193103531654,
                0.14680642503306798,
                0.6405163398913535,
                0.44914327472701027,
                0.7285133235915074
            ],
            "train_report": {
                "0": {
                    "precision": 0.0,
                    "recall": 0.0,
                    "f1-score": 0.0,
                    "support": 62
                },
                "1": {
                    "precision": 0.9698443579766537,
                    "recall": 1.0,
                    "f1-score": 0.9846913580246913,
                    "support": 1994
                },
                "accuracy": 0.9698443579766537,
                "macro avg": {
                    "precision": 0.48492217898832685,
                    "recall": 0.5,
                    "f1-score": 0.49234567901234566,
                    "support": 2056
                },
                "weighted avg": {
                    "precision": 0.9405980786991476,
                    "recall": 0.9698443579766537,
                    "f1-score": 0.954997357928616,
                    "support": 2056
                }
            },
            "test_report": {
                "0": {
                    "precision": 0.0,
                    "recall": 0.0,
                    "f1-score": 0.0,
                    "support": 62
                },
                "1": {
                    "precision": 0.9698443579766537,
                    "recall": 1.0,
                    "f1-score": 0.9846913580246913,
                    "support": 1994
                },
                "accuracy": 0.9698443579766537,
                "macro avg": {
                    "precision": 0.48492217898832685,
                    "recall": 0.5,
                    "f1-score": 0.49234567901234566,
                    "support": 2056
                },
                "weighted avg": {
                    "precision": 0.9405980786991476,
                    "recall": 0.9698443579766537,
                    "f1-score": 0.954997357928616,
                    "support": 2056
                }
            },
            "feedback": "False"
        }
    }
}